Seed Number,SNR,Grain Number,Mean Grain Size
438,24.43,163,0.8608
1704,37.26,603,0.2233
1079,27.31,379,0.3551
919,24.42,319,0.4219
216,31.34,80,1.9053
335,36.35,110,1.1813
1603,29.32,568,0.2347
1603,31.31,558,0.234
987,27.38,360,0.3851
763,30.3,272,0.4975
1389,23.43,481,0.2764
1639,21.47,581,0.2304
1730,25.36,611,0.2156
1323,23.4,466,0.2856
1361,26.38,465,0.2739
1197,21.44,430,0.3151
1952,38.23,699,0.191
1772,27.38,613,0.2113
1267,40.25,467,0.2933
1140,29.33,415,0.3373
325,39.41,111,1.2684
1083,26.34,382,0.3464
804,39.34,255,0.4781
931,38.3,330,0.3979
727,22.46,258,0.516
1418,28.3,501,0.2638
1570,29.31,546,0.2357
1375,29.33,502,0.2729
463,36.24,166,0.8229
1451,27.34,516,0.2632
297,27.35,119,1.344
1207,25.4,441,0.3172
777,34.26,300,0.4879
1969,35.25,714,0.1924
1611,31.29,576,0.229
1245,24.41,459,0.3004
1668,21.45,614,0.2263
1338,28.37,468,0.2805
1965,26.37,687,0.1898
1004,23.43,361,0.3841
1490,37.23,506,0.2533
1038,33.34,369,0.3667
513,27.42,186,0.7782
1222,27.39,412,0.3083
1732,38.28,658,0.2146
163,28.46,71,2.3609
208,40.51,74,1.9988
1458,34.3,554,0.256
445,31.3,148,0.8728
1612,34.31,582,0.2321
1575,31.32,561,0.24
1193,25.38,430,0.3097
1257,27.34,432,0.2978
1421,25.37,510,0.2685
1203,35.33,427,0.3109
296,33.45,100,1.3586
898,32.3,325,0.4322
1471,24.41,521,0.2533
1059,36.28,382,0.3637
272,39.37,94,1.4579
1668,39.2,641,0.2213
624,23.45,228,0.597
1215,37.29,445,0.3163
1416,36.3,531,0.2674
409,24.42,133,0.9575
1712,25.39,573,0.2191
1205,22.41,437,0.3158
173,27.35,64,2.3386
318,36.33,116,1.3008
1675,34.29,591,0.2265
701,25.42,245,0.5542
899,31.28,319,0.4237
1944,24.36,676,0.1925
705,37.3,233,0.55
1174,38.29,428,0.3219
1137,21.42,413,0.3328
964,32.3,360,0.3923
1000,26.4,343,0.3798
1254,27.38,431,0.2965
814,32.29,312,0.4592
1943,39.26,709,0.1909
453,35.26,174,0.855
724,27.32,255,0.5095
453,40.34,163,0.8326
1603,34.27,602,0.2327
366,29.44,119,1.0428
264,23.47,103,1.4862
1305,31.27,476,0.2861
1362,23.41,482,0.2811
549,30.32,182,0.7025
488,32.36,167,0.8213
1779,36.28,643,0.2107
505,23.47,172,0.7859
996,21.45,338,0.3814
1530,30.31,561,0.2458
368,32.32,124,1.0903
1093,24.41,389,0.3444
256,33.43,91,1.5613
870,31.3,319,0.4347
1988,28.3,696,0.1897
1048,32.38,369,0.3686
510,36.31,178,0.7572
1541,33.32,558,0.2465
1616,40.24,612,0.232
817,28.36,316,0.4686
1464,34.3,513,0.2531
469,40.22,140,0.8448
1939,38.25,736,0.1924
384,36.27,146,1.0278
1149,21.44,406,0.3295
829,24.43,274,0.4571
1405,33.27,543,0.263
1823,26.35,651,0.2088
264,33.39,89,1.5346
1993,31.31,740,0.1848
1160,23.38,396,0.3257
933,40.29,344,0.4076
1443,24.38,548,0.2608
317,21.44,104,1.2569
1454,22.45,545,0.2601
1523,31.26,551,0.2468
1096,31.34,415,0.3374
1570,26.33,575,0.2392
230,33.42,69,1.7958
1929,38.24,715,0.1999
1244,40.26,471,0.3012
1445,32.33,513,0.2657
962,35.28,363,0.3918
1065,37.28,402,0.3603
1621,33.32,592,0.23
379,26.39,146,1.0197
1923,39.25,667,0.1938
1026,33.27,387,0.3697
1858,28.32,677,0.2024
1938,25.36,688,0.1932
1827,39.27,658,0.2057
400,29.37,150,0.9738
990,25.41,337,0.3841
1789,26.32,651,0.2105
1113,34.28,404,0.3388
759,26.42,265,0.5014
1854,26.33,654,0.2027
1847,33.27,639,0.204
1469,39.25,531,0.2587
1646,25.38,574,0.2244
754,22.47,271,0.5205
1144,26.35,401,0.3266
1067,36.29,369,0.3631
1159,28.3,398,0.3329
886,26.42,331,0.4468
1148,26.38,442,0.3249
671,33.33,251,0.5884
1720,27.27,595,0.2149
848,38.35,304,0.4508
492,26.36,188,0.7819
1993,35.26,734,0.1865
179,24.49,70,2.2847
1706,40.26,614,0.2185
1093,37.28,359,0.3453
843,32.37,297,0.475
1327,37.28,461,0.281
1926,36.27,690,0.1918
961,25.35,326,0.3877
622,22.45,252,0.6103
710,26.4,244,0.5414
1829,35.25,647,0.2041
1084,39.25,374,0.3471
388,28.41,140,0.9988
831,31.27,297,0.4682
182,34.39,57,2.362
511,22.5,188,0.7604
1627,25.38,587,0.2258
1235,25.38,446,0.3052
1744,28.32,596,0.215
770,36.32,274,0.4938
761,28.35,308,0.509
862,31.34,300,0.4382
757,39.35,284,0.5067
1058,40.34,384,0.3576
985,22.44,378,0.3823
574,36.36,211,0.6821
835,21.42,306,0.4626
1081,23.42,408,0.3532
1597,33.28,567,0.2308
638,27.37,220,0.6191
1989,24.37,719,0.1898
1924,21.43,689,0.1945
1012,34.27,347,0.3753
923,28.34,342,0.4018
606,23.43,237,0.6431
164,28.48,60,2.5597
1254,38.31,448,0.295
1906,22.4,657,0.1972
304,37.35,107,1.2995
1546,21.46,571,0.2423
598,34.35,213,0.6501
1773,25.38,650,0.2062
385,34.32,138,1.0017
1305,37.2,505,0.2883
519,26.45,182,0.7781
257,24.38,84,1.5573
1974,35.24,695,0.189
250,37.4,93,1.605
662,38.37,231,0.5754
363,29.39,129,1.0487
212,37.35,87,1.8282
1025,39.31,367,0.3626
1414,26.32,524,0.2649
896,35.34,312,0.4179
1335,35.22,481,0.2772
966,31.27,341,0.3954
1287,26.38,479,0.293
1245,35.31,418,0.305
1502,39.3,523,0.2466
215,32.43,74,1.8687
1645,28.34,592,0.2269
1708,33.3,599,0.2213
346,27.36,113,1.145
846,27.41,281,0.4581
1921,30.31,681,0.195
1034,30.37,355,0.3598
468,33.31,182,0.8063
935,21.45,317,0.408
1624,38.26,585,0.2283
289,28.42,113,1.4225
708,22.34,254,0.5498
951,28.38,348,0.3943
1411,39.26,527,0.2634
1700,39.25,584,0.2226
833,21.43,294,0.4575
1919,28.28,716,0.1888
1223,39.28,468,0.3039
840,23.42,308,0.4487
1708,40.24,629,0.2187
1948,32.3,728,0.1906
497,31.34,187,0.7802
894,21.46,320,0.4261
1917,36.29,685,0.1955
675,34.32,261,0.555
803,25.4,313,0.4793
1359,37.32,477,0.2788
1315,36.33,482,0.2873
1022,22.43,380,0.3729
746,31.36,264,0.5248
695,31.4,271,0.5413
1693,31.3,595,0.2189
774,27.38,253,0.5089
1920,23.39,681,0.1939
1774,26.33,661,0.2108
557,35.36,188,0.7135
1770,29.34,630,0.2148
621,25.3,222,0.6224
622,31.41,226,0.5983
977,25.31,352,0.3744
1550,28.31,538,0.243
700,40.42,241,0.5458
168,27.37,55,2.5121
437,21.47,157,0.8987
402,37.38,159,0.976
991,39.27,361,0.3841
1989,30.31,748,0.1886
847,37.36,310,0.4337
1257,33.33,436,0.2966
912,32.34,315,0.4252
1752,38.28,651,0.2151
234,34.35,73,1.8165
1793,22.36,657,0.2064
683,28.35,251,0.5606
1196,30.35,425,0.3203
1609,32.27,559,0.2356
1207,33.3,419,0.3212
1796,39.25,617,0.2068
1460,27.37,528,0.2513
405,24.52,135,1.0062
244,35.37,84,1.6408
1880,26.37,708,0.1984
1900,30.27,663,0.1969
1283,28.32,474,0.2935
1422,39.27,512,0.2635
1794,27.33,651,0.2081
726,34.34,272,0.5172
1392,40.28,538,0.2719
1165,32.35,429,0.324
1495,34.31,517,0.2523
861,37.35,314,0.4362
1526,25.36,546,0.2473
976,27.38,352,0.3931
638,31.39,216,0.6122
1680,37.26,591,0.22
1414,33.31,513,0.2685
1215,37.23,465,0.3112
1196,24.41,413,0.3142
1744,22.39,633,0.2157
224,24.44,79,1.7802
1996,36.29,713,0.1894
1784,34.29,679,0.208
846,21.48,322,0.4441
286,26.42,100,1.4178
1782,22.39,659,0.21
852,28.41,297,0.4467
1855,33.28,700,0.2034
1883,39.25,732,0.1944
1133,38.3,416,0.3369
1074,30.32,390,0.3467
568,32.33,216,0.6752
635,21.46,231,0.5816
1212,27.35,411,0.3106
1461,40.29,570,0.2472
1323,22.49,495,0.2768
642,29.3,242,0.5887
1199,26.39,411,0.3184
726,23.38,261,0.5126
1423,29.31,511,0.2625
1428,39.26,501,0.2677
841,30.35,286,0.4567
346,29.39,130,1.1233
1523,39.33,533,0.2479
1295,31.31,466,0.2966
220,29.44,83,1.798
1230,31.32,444,0.3114
1626,24.31,579,0.229
731,28.37,241,0.5256
1994,30.29,744,0.1856
1317,26.33,488,0.2818
1720,32.33,596,0.2203
1973,24.39,697,0.1885
709,35.37,254,0.5536
1537,34.32,562,0.2378
1788,38.23,621,0.2085
1499,40.25,556,0.2455
249,25.43,87,1.6114
1503,40.28,542,0.2473
1315,33.32,451,0.2885
1522,37.31,574,0.2484
1219,21.46,427,0.3157
800,32.32,292,0.4938
1243,39.25,427,0.3031
1217,36.31,434,0.3086
829,34.34,290,0.4522
1686,34.29,618,0.2253
1994,29.28,718,0.1913
1832,34.3,617,0.2066
1673,40.25,629,0.2214
1275,39.3,426,0.2958
561,22.5,190,0.677
1957,33.27,694,0.1926
910,39.29,306,0.419
1343,23.38,469,0.2806
969,21.4,364,0.3888
897,39.28,307,0.4211
752,37.38,296,0.5081
1199,31.37,417,0.3116
160,23.43,65,2.6618
1975,37.28,706,0.19
1826,24.35,678,0.2086
1246,26.37,426,0.3009
1226,35.29,447,0.3064
1256,35.34,436,0.3024
1576,27.36,566,0.235
1363,35.28,485,0.2755
1581,25.41,591,0.2371
1941,23.38,685,0.1944
244,34.42,99,1.6045
1257,32.32,456,0.301
901,24.38,344,0.4126
795,34.29,282,0.469
842,31.33,309,0.4496
736,23.44,265,0.5123
1680,29.29,611,0.2251
1389,24.4,522,0.2714
331,21.52,128,1.1711
1016,23.36,354,0.374
160,36.29,63,2.589
1704,22.43,598,0.222
707,37.36,241,0.528
749,39.33,281,0.4903
1634,28.33,585,0.2298
1523,28.33,509,0.245
587,32.34,216,0.6424
1008,38.27,357,0.3719
1023,39.29,356,0.3686
622,21.47,222,0.6122
556,29.34,208,0.6943
200,30.37,61,2.0685
1140,34.28,412,0.3302
610,21.49,227,0.6352
271,23.5,99,1.4958
1669,35.27,608,0.222
1848,31.32,679,0.2009
809,40.29,284,0.4686
458,34.31,155,0.876
545,28.35,216,0.685
1479,31.26,530,0.2492
514,24.44,185,0.7527
1293,29.34,484,0.2928
1250,22.44,454,0.2975
906,37.28,305,0.4311
1196,32.31,437,0.3176
1179,35.3,413,0.3253
1249,33.32,475,0.297
1139,35.32,375,0.3338
1793,25.37,661,0.2076
1898,35.26,671,0.1943
986,26.42,352,0.3881
392,31.42,147,0.9806
1229,40.28,456,0.3086
1436,21.44,528,0.2599
178,31.35,66,2.3467
1530,33.3,576,0.243
634,22.5,246,0.5905
402,33.32,146,0.9161
856,36.32,300,0.4534
435,29.36,148,0.9044
188,24.58,66,2.1684
1511,36.26,538,0.2439
1826,38.26,666,0.2041
801,31.37,271,0.4698
748,23.45,277,0.5212
740,30.32,258,0.5159
1683,27.32,617,0.2196
262,36.4,94,1.4356
1768,35.29,601,0.2106
358,30.32,117,1.0391
1531,35.26,534,0.2408
328,35.32,113,1.219
905,31.33,324,0.4143
1334,34.31,483,0.2724
1288,26.38,473,0.2909
1442,26.38,496,0.2624
464,31.35,167,0.822
1874,23.37,670,0.1971
346,25.5,124,1.0718
1566,37.25,555,0.239
1763,22.42,658,0.212
1022,40.29,377,0.3694
1276,30.33,446,0.2948
1917,27.32,656,0.1964
794,30.33,303,0.4797
872,21.47,293,0.4373
696,31.42,227,0.5587
894,21.45,326,0.4184
1087,27.35,377,0.3543
1786,32.29,662,0.206
974,21.43,337,0.3857
1440,38.26,495,0.2669
805,36.32,297,0.4971
1323,26.39,447,0.2841
1221,29.35,453,0.3097
243,37.37,91,1.6632
1480,34.22,483,0.2527
1965,35.27,735,0.1882
617,39.28,223,0.6262
487,39.25,183,0.8009
1224,38.33,446,0.3054
1886,22.39,652,0.1964
1847,33.32,669,0.1996
1128,29.37,407,0.341
268,24.53,103,1.5192
1597,34.27,561,0.2347
508,25.39,189,0.7689
850,38.34,283,0.4448
713,34.41,258,0.539
820,27.34,290,0.4701
595,38.38,196,0.6452
437,21.48,152,0.9005
1678,31.33,591,0.2273
1911,30.28,721,0.1939
1874,39.23,703,0.2006
1743,36.26,638,0.213
1411,38.21,508,0.2667
1125,31.35,388,0.3361
1177,32.33,446,0.3118
1388,28.34,518,0.2661
259,28.35,102,1.475
461,35.33,162,0.8485
1249,39.33,477,0.304
394,21.47,140,1.0124
1271,29.33,452,0.2942
753,24.41,273,0.504
359,39.34,125,1.1224
768,24.45,266,0.491
1507,35.26,553,0.2469
996,27.35,352,0.3755
1879,34.3,687,0.2008
1592,35.26,573,0.2338
1474,32.28,545,0.2527
1577,36.3,557,0.231
1421,21.37,511,0.2603
1577,29.29,578,0.2388
894,39.22,327,0.4249
1988,25.34,746,0.1887
952,27.4,334,0.3949
1161,39.33,390,0.3302
254,22.45,89,1.6437
1115,34.3,403,0.3418
1493,23.4,560,0.2487
1456,25.34,517,0.2573
750,28.37,273,0.5007
1673,34.3,613,0.2233
1578,34.3,595,0.2357
444,32.38,147,0.8507
1667,22.39,624,0.2209
786,25.34,272,0.4848
358,29.43,136,1.1549
1062,22.42,389,0.3537
206,26.5,61,1.9973
388,33.4,139,1.0114
1658,21.43,593,0.2314
1629,31.32,581,0.2287
690,26.4,252,0.5527
803,25.38,298,0.4752
998,24.38,365,0.3747
1943,29.31,681,0.1905
1630,21.44,607,0.2259
1987,31.3,709,0.1892
926,37.33,332,0.4103
613,30.34,208,0.6313
624,34.3,234,0.605
1711,36.28,622,0.2171
310,37.41,114,1.2925
1946,39.26,740,0.1924
1160,27.33,405,0.33
1424,36.3,517,0.2619
1850,36.25,656,0.202
646,22.46,228,0.593
1335,22.43,486,0.2813
1591,27.33,582,0.2339
581,25.42,217,0.6636
853,27.34,299,0.4401
760,37.3,282,0.4918
741,28.36,257,0.5204
874,28.37,320,0.4372
1090,32.32,376,0.3459
1667,30.33,631,0.2246
1567,30.34,573,0.2437
776,39.32,278,0.4925
485,27.35,180,0.7977
733,37.31,280,0.5266
1147,33.27,426,0.3274
699,29.36,239,0.556
961,34.38,355,0.3912
241,33.42,86,1.5657
1554,40.23,591,0.238
1090,33.35,370,0.338
552,24.42,183,0.7113
257,25.4,90,1.6004
715,27.39,254,0.5413
704,27.42,270,0.5529
1769,40.25,632,0.2134
867,38.28,283,0.4383
484,24.46,170,0.7751
1279,37.29,445,0.2973
849,28.31,309,0.4488
920,37.26,343,0.4017
1039,33.33,375,0.3649
1865,38.27,680,0.2001
925,29.33,332,0.4194
751,25.43,268,0.5185
247,39.33,72,1.6379
916,37.33,329,0.421
1010,40.27,352,0.3676
866,26.41,320,0.4332
993,21.46,348,0.3768
495,26.42,184,0.8118
1951,35.26,701,0.1928
1241,23.4,448,0.3089
1025,26.37,375,0.3654
1991,32.29,718,0.1895
1675,30.28,603,0.2251
781,21.42,281,0.4698
1355,24.4,518,0.2757
1426,30.31,534,0.2621
979,24.42,368,0.3917
1101,22.36,407,0.3484
1351,30.35,489,0.2819
1056,39.28,387,0.3648
752,39.28,281,0.5091
1813,27.33,693,0.2046
1724,28.32,606,0.2221
674,22.45,250,0.5693
210,29.5,74,1.7991
310,32.31,104,1.313
654,21.45,217,0.5836
1525,25.37,591,0.2468
414,28.41,163,0.905
1452,23.39,514,0.2599
1974,26.35,732,0.188
917,24.38,361,0.415
1681,25.31,601,0.2266
1223,35.3,480,0.3059
1474,21.42,538,0.2546
1014,29.35,355,0.3786
1997,37.24,697,0.1878
1178,31.33,457,0.3233
219,39.39,71,1.8114
535,30.4,187,0.7017
159,32.26,49,2.7033
855,33.31,303,0.4392
420,35.34,157,0.9853
1071,22.49,409,0.353
1708,38.36,591,0.2235
324,30.42,118,1.2247
336,35.36,112,1.1616
752,26.34,279,0.5051
633,38.34,239,0.6151
697,36.34,247,0.5525
516,33.34,189,0.7363
1301,30.33,449,0.2885
1409,38.28,513,0.271
1689,30.3,587,0.2183
1841,39.27,656,0.201
1922,22.41,691,0.1945
670,21.44,226,0.5648
745,36.21,273,0.5141
671,34.3,243,0.5681
354,23.45,133,1.0666
283,31.43,107,1.3816
1489,27.31,556,0.253
1209,33.37,421,0.3138
649,22.42,242,0.583
1509,37.28,527,0.2524
389,22.45,135,1.0719
1872,21.44,663,0.1966
607,28.34,220,0.6597
816,37.29,278,0.4775
1754,37.24,652,0.2148
473,28.41,156,0.8424
705,23.44,243,0.5451
162,30.36,56,2.6984
191,27.3,65,2.0724
1599,21.42,539,0.2322
713,28.35,269,0.5255
1410,30.36,492,0.2691
1591,25.38,581,0.2373
1851,22.38,621,0.2011
677,36.29,227,0.5602
439,29.4,152,0.8817
1920,38.26,678,0.1929
159,37.33,61,2.5708
1681,30.34,599,0.221
1267,32.32,474,0.2916
313,26.42,100,1.3184
821,22.44,299,0.4678
1117,35.32,400,0.3344
1687,22.36,625,0.2207
542,37.32,201,0.688
1151,24.42,430,0.3289
672,39.35,242,0.5709
1244,31.34,452,0.3023
1454,31.31,505,0.2596
1234,32.33,434,0.3123
760,21.39,272,0.4905
1571,31.26,603,0.2327
828,31.34,269,0.4594
583,38.34,213,0.6475
1243,29.32,466,0.3086
1008,32.35,386,0.3735
1367,40.29,492,0.2702
849,35.29,326,0.4469
1299,35.29,480,0.2913
900,38.25,326,0.4234
1992,30.35,726,0.1854
1071,28.33,397,0.3521
372,34.34,137,1.073
622,30.36,227,0.6155
1623,39.27,577,0.2349
780,39.27,267,0.4747
1513,27.32,560,0.2463
243,21.48,90,1.5843
1644,36.29,602,0.2251
543,29.41,184,0.6922
1990,30.31,747,0.1863
785,22.39,263,0.4753
1023,35.3,384,0.3732
536,28.42,206,0.7169
1049,36.27,340,0.3688
276,37.5,96,1.4671
1798,25.37,647,0.2059
1238,25.37,455,0.3049
1271,36.32,469,0.2988
1739,31.29,644,0.2147
1731,31.34,610,0.2124
152,30.41,53,2.558
1013,37.26,345,0.3765
1037,27.32,380,0.3633
1897,36.22,694,0.1954
1893,40.23,705,0.1988
1015,22.44,349,0.3761
1591,38.29,587,0.2386
211,34.44,81,1.8482
1503,38.27,556,0.2493
1837,33.29,664,0.2055
1913,28.34,643,0.1946
1125,23.39,376,0.3354
1169,28.36,418,0.3202
403,40.24,148,0.9753
656,35.37,220,0.5742
399,30.42,125,0.9627
1209,25.42,409,0.3096
1222,33.32,424,0.3127
1523,40.24,530,0.2471
377,28.4,133,1.0373
1501,31.3,576,0.2454
322,30.37,113,1.2064
1952,39.27,704,0.1888
444,25.45,159,0.9017
375,37.36,134,1.0715
529,23.49,188,0.7248
1884,36.26,654,0.1999
305,23.5,104,1.31
1326,30.32,478,0.2775
1916,29.3,673,0.1941
1174,22.42,418,0.3296
372,25.41,144,1.0501
1841,39.23,674,0.2072
241,25.45,96,1.6842
1421,22.35,562,0.2632
211,24.45,71,1.9462
1149,30.31,421,0.329
1903,40.24,667,0.1963
1625,26.36,563,0.2321
1547,25.4,547,0.2404
1008,34.32,360,0.3752
1985,35.31,701,0.1879
1835,31.32,644,0.2048
252,40.35,100,1.5919
1914,23.39,693,0.193
1109,25.37,432,0.3394
560,29.33,200,0.7
735,23.47,250,0.5307
771,29.35,290,0.4837
306,30.37,116,1.3387
242,36.34,73,1.7883
1306,34.28,478,0.2858
1825,26.36,652,0.2097
1002,36.32,362,0.3695
621,30.34,226,0.617
1759,36.24,652,0.2137
745,31.33,259,0.5183
1622,36.3,548,0.2287
1747,26.36,625,0.2112
711,33.33,247,0.5428
1998,26.35,710,0.1893
358,36.41,129,1.1228
1330,39.25,478,0.2774
1998,29.31,743,0.1841
720,22.47,245,0.5343
1602,27.34,532,0.2353
665,40.36,235,0.5875
1351,24.37,490,0.279
1858,23.4,655,0.1959
1111,32.33,404,0.3441
1358,40.29,512,0.2764
883,30.31,307,0.4361
250,25.52,93,1.6339
1450,29.36,528,0.2565
161,28.48,54,2.4601
1238,21.4,443,0.2993
590,29.23,221,0.6707
527,26.39,209,0.7123
839,32.37,287,0.4545
1610,29.28,595,0.2327
1906,37.28,696,0.1956
1410,40.23,520,0.2664
1191,38.33,410,0.3143
1433,32.35,525,0.2622
786,25.39,264,0.4922
626,30.33,214,0.6199
1006,29.36,351,0.376
313,26.46,111,1.2662
1556,37.25,566,0.241
1595,35.27,574,0.234
1474,31.32,527,0.2531
542,27.38,180,0.7002
342,33.37,130,1.1551
389,32.32,147,0.9943
938,29.31,351,0.4104
1988,39.24,750,0.1878
1847,37.27,687,0.2013
1712,36.22,623,0.2202
1884,31.32,655,0.2002
210,30.39,77,1.8372
1667,38.24,631,0.2284
1870,23.39,662,0.2015
1631,40.28,600,0.2296
1069,38.37,377,0.364
946,27.35,339,0.3959
898,38.23,325,0.4296
1176,22.41,426,0.3249
329,22.45,127,1.1795
193,37.39,64,2.1858
1277,21.45,453,0.2989
1561,32.3,523,0.2382
191,34.43,63,2.1654
939,36.32,356,0.401
509,26.43,192,0.7827
1508,40.31,556,0.2508
1089,35.33,381,0.3342
534,30.34,200,0.7392
1221,28.39,449,0.3064
957,23.45,350,0.404
884,32.34,321,0.4285
974,33.31,363,0.3854
1974,38.24,733,0.1896
1445,22.44,489,0.2546
1774,34.3,644,0.2088
1688,28.33,577,0.219
1972,25.36,711,0.1908
1079,38.3,385,0.3499
345,36.38,128,1.1891
1809,34.32,637,0.2069
574,36.34,208,0.6797
1927,39.26,727,0.195
1262,39.3,441,0.3013
1051,27.34,388,0.358
1761,33.3,597,0.212
1633,30.31,589,0.231
1807,37.24,662,0.2054
823,30.36,275,0.4766
970,22.41,336,0.3879
1521,31.26,608,0.2424
1669,28.32,611,0.2234
295,22.45,101,1.4303
1451,32.24,538,0.2582
1784,28.32,675,0.2123
1919,34.26,679,0.1922
1457,39.28,540,0.2572
1235,28.34,430,0.3074
1433,37.3,487,0.2648
956,23.41,337,0.4015
336,37.42,127,1.138
1039,21.45,391,0.3615
1074,26.35,415,0.3547
1659,21.4,629,0.23
667,29.33,240,0.5833
922,32.32,345,0.4126
1979,25.38,698,0.1911
1308,34.29,494,0.2866
732,28.32,262,0.5345
938,21.38,322,0.4066
1923,23.37,689,0.1934
1247,39.31,473,0.3059
1084,25.39,377,0.3482
1914,34.23,687,0.1936
940,30.34,335,0.4119
1924,22.4,683,0.1942
560,21.43,208,0.6944
235,25.36,81,1.7356
1236,22.41,476,0.3085
1710,39.31,603,0.2205
1739,36.27,634,0.2156
1126,36.33,432,0.3308
1196,22.43,445,0.3112
1766,40.27,663,0.2129
324,35.42,108,1.2652
1752,22.41,626,0.215
1826,30.29,669,0.2061
1227,40.28,457,0.3036
160,25.39,62,2.4553
310,36.28,116,1.361
1748,33.27,643,0.2131
1494,38.24,535,0.2462
1886,21.43,675,0.1971
339,38.41,125,1.1306
902,28.4,326,0.4164
1340,33.33,480,0.2837
1419,23.38,483,0.2638
466,26.4,165,0.8233
563,24.47,203,0.6874
1237,27.37,461,0.3003
307,32.28,112,1.2797
1611,27.35,565,0.233
1086,30.34,380,0.3501
407,34.33,147,0.9709
1921,34.27,674,0.1952
572,26.48,202,0.6667
930,24.4,360,0.4065
1988,39.22,723,0.1915
816,27.32,286,0.463
611,37.36,213,0.6306
1840,31.28,642,0.2029
1054,37.3,379,0.3601
1999,37.26,747,0.1892
1293,28.38,469,0.2938
369,40.36,120,1.0596
1552,21.47,563,0.2364
1640,39.28,582,0.2334
1259,28.32,425,0.2987
1852,23.35,707,0.2032
809,28.39,292,0.4914
1975,34.24,736,0.1898
592,33.31,200,0.6361
1856,40.28,667,0.1963
1177,27.3,424,0.3189
1379,24.36,498,0.2719
687,21.43,248,0.567
764,27.38,286,0.4968
1113,21.44,396,0.3388
252,30.51,87,1.5904
1703,24.37,620,0.2215
1193,30.35,465,0.3142
1988,23.39,718,0.1855
1571,34.27,568,0.2354
1317,29.32,444,0.2843
523,31.35,221,0.7324
1739,34.24,594,0.2161
1441,30.29,512,0.2628
1393,24.38,511,0.2685
1056,39.31,382,0.3529
1119,27.4,408,0.3336
248,29.35,85,1.586
806,40.38,270,0.4804
366,27.35,119,1.0591
1547,24.34,523,0.242
1799,32.26,676,0.209
1336,31.34,470,0.2811
1500,35.3,558,0.2446
1622,22.44,552,0.2307
620,38.33,242,0.6178
810,21.46,299,0.4703
719,26.39,260,0.5385
1952,25.35,699,0.192
1108,37.32,413,0.3487
405,28.43,134,0.9818
1642,24.4,563,0.2244
279,31.27,97,1.4128
229,21.48,78,1.7963
1477,31.32,578,0.2551
866,24.35,337,0.4354
747,33.37,277,0.4934
510,29.31,198,0.7706
1552,23.38,593,0.2393
1785,26.33,642,0.2078
1950,26.35,692,0.1933
1870,40.24,653,0.1994
431,28.36,147,0.902
605,30.29,232,0.6476
179,30.42,63,2.4135
975,39.31,347,0.3921
683,23.43,244,0.5627
1574,28.31,560,0.2366
1584,23.36,589,0.2358
1539,30.34,536,0.2482
1889,40.24,705,0.1993
1956,21.44,694,0.1878
609,23.43,214,0.6417
1940,30.33,702,0.1904
1539,37.28,557,0.2421
1172,22.4,445,0.3242
1282,32.33,429,0.2878
234,25.41,99,1.5536
420,28.4,156,0.9052
1343,22.38,470,0.2855
1798,22.39,647,0.2074
1495,26.33,533,0.2473
898,33.39,337,0.434
1068,34.33,360,0.3596
1064,39.3,377,0.3507
1126,21.41,403,0.3364
1049,34.33,371,0.361
306,32.38,120,1.1903
1256,32.32,440,0.2927
1260,33.33,439,0.2939
1256,28.34,448,0.3064
584,25.39,183,0.6665
1532,34.29,524,0.2422
166,32.34,57,2.3858
437,22.47,172,0.9002
1466,38.23,548,0.2542
771,38.36,284,0.4892
1842,32.28,680,0.2029
1630,30.32,609,0.2308
1025,38.3,353,0.3728
389,28.43,148,0.9659
1786,26.39,652,0.2075
719,25.35,257,0.5207
489,30.33,171,0.7816
841,32.29,288,0.444
1805,34.3,662,0.2061
1858,29.32,647,0.2017
742,25.43,261,0.5112
1966,25.37,702,0.1894
893,40.31,350,0.4236
697,33.35,260,0.5606
1606,37.24,613,0.2317
1699,21.42,595,0.2212
1204,39.22,442,0.3104
1368,33.26,505,0.2778
743,28.42,264,0.5217
482,30.39,182,0.8104
1758,31.29,668,0.2128
1846,22.39,679,0.1981
519,39.39,193,0.7177
1799,22.41,684,0.2064
304,23.48,112,1.2691
290,33.38,96,1.3404
1065,28.34,365,0.3604
220,28.39,80,1.8844
1111,33.38,394,0.3432
1378,35.3,504,0.2758
1931,30.32,720,0.1909
180,22.51,69,2.1098
1594,31.29,570,0.2341
607,33.4,230,0.615
886,22.41,326,0.4244
1002,24.4,358,0.3714
976,31.32,324,0.3932
1529,29.33,531,0.2466
1863,23.36,637,0.1973
531,22.51,180,0.7191
419,24.33,139,0.9259
1794,24.39,638,0.2032
1069,38.27,389,0.3499
380,23.41,122,1.0547
1756,33.29,635,0.216
887,38.26,322,0.4248
329,36.43,105,1.1744
689,34.32,240,0.5557
571,25.39,207,0.698
1750,28.34,627,0.2174
1145,39.27,453,0.3328
1119,39.33,415,0.3403
177,23.52,65,2.2774
1026,21.43,372,0.3684
211,33.41,82,1.8377
1921,30.3,685,0.1966
898,29.34,308,0.425
1112,31.36,398,0.3479
668,29.36,245,0.5935
699,30.38,241,0.5572
1315,28.35,436,0.2871
1878,30.31,664,0.1965
1126,40.27,403,0.3325
1032,37.29,380,0.3671
1562,27.31,548,0.2405
1261,27.32,457,0.2941
1864,35.29,629,0.1982
508,30.35,171,0.7776
1984,27.33,703,0.1889
852,32.38,307,0.4465
321,32.43,112,1.1887
1302,25.33,476,0.2939
1332,25.4,487,0.2842
444,24.44,161,0.8703
343,28.37,111,1.209
927,35.26,326,0.4036
592,27.37,231,0.6755
1918,26.33,683,0.194
1626,26.35,584,0.2252
822,31.33,306,0.4687
1028,35.33,378,0.3655
1271,23.39,484,0.3013
358,29.35,137,1.1179
1451,31.32,555,0.2602
859,39.38,314,0.4381
886,26.35,309,0.4349
1444,25.36,501,0.2591
566,29.41,200,0.7002
616,26.3,236,0.628
780,25.43,283,0.4948
1604,34.25,584,0.2301
839,23.43,313,0.4442
405,25.43,147,0.9893
447,38.36,160,0.879
691,39.3,244,0.5415
681,24.42,261,0.5673
330,39.31,115,1.2333
1595,21.41,572,0.233
1826,32.3,682,0.2024
447,31.37,141,0.8786
307,25.4,104,1.2824
713,34.28,265,0.5444
1818,23.4,672,0.2057
755,29.38,280,0.513
1027,21.4,373,0.37
1528,37.28,558,0.246
842,36.31,323,0.4398
845,26.41,295,0.4594
1087,24.42,389,0.3432
948,32.36,371,0.387
707,25.43,240,0.5382
936,26.42,355,0.4102
1617,34.27,591,0.2327
1374,39.31,479,0.2727
1749,29.3,610,0.2174
782,21.47,281,0.4885
598,22.39,214,0.6459
1313,38.29,482,0.2897
1206,39.29,428,0.3159
1503,23.38,558,0.2476
295,30.36,103,1.4638
656,39.3,223,0.5949
338,25.5,116,1.1397
221,22.46,87,1.8695
325,30.32,105,1.2379
1694,35.31,613,0.2209
740,40.33,275,0.517
1483,31.23,546,0.2585
381,34.44,148,1.0362
1453,27.36,519,0.2626
1334,27.38,486,0.2848
953,38.32,343,0.3823
1073,36.32,355,0.3525
1046,32.34,396,0.3609
1839,29.31,654,0.2063
913,40.35,332,0.4164
1574,21.39,598,0.236
327,34.36,108,1.2314
728,39.29,252,0.5253
341,29.31,116,1.1872
511,38.39,181,0.7631
1160,35.28,424,0.3255
345,21.47,127,1.1917
1681,21.46,646,0.2215
1254,27.37,465,0.2969
560,24.41,194,0.6836
716,25.47,253,0.5402
1408,34.28,494,0.2682
733,21.42,286,0.5259
1604,40.28,600,0.2344
1244,26.35,412,0.3031
1692,36.29,594,0.2187
365,23.47,123,1.09
1070,25.38,406,0.3573
1474,40.28,514,0.2543
1313,22.48,481,0.2907
1204,38.29,462,0.3101
1838,30.28,667,0.2042
608,40.35,206,0.6312
1927,22.42,676,0.1968
301,38.37,104,1.3405
1346,23.39,483,0.2792
1809,24.33,638,0.2092
1944,26.33,706,0.189
700,22.45,271,0.5534
1938,26.32,696,0.1889
219,31.36,77,1.7874
1392,21.43,509,0.2746
696,33.28,252,0.5409
187,39.43,70,2.2105
1859,23.35,635,0.2041
238,28.37,80,1.7203
798,35.37,291,0.4875
423,24.37,146,0.9139
913,28.41,337,0.4119
326,23.52,119,1.2113
454,21.46,149,0.8217
1976,31.32,724,0.1833
1523,32.31,539,0.2494
1106,35.32,406,0.3399
1832,30.35,656,0.2041
725,38.29,259,0.5319
897,33.29,300,0.4356
1054,32.27,372,0.3604
592,38.33,213,0.6684
1369,30.33,472,0.2757
429,39.45,138,0.8842
292,40.31,104,1.4176
1030,37.35,382,0.3583
754,34.29,262,0.5075
1122,31.32,365,0.3369
226,27.51,71,1.7369
1121,21.42,392,0.3327
392,40.28,138,0.9826
440,29.39,155,0.9045
256,23.49,85,1.564
343,32.43,110,1.174
957,22.47,357,0.3958
649,26.42,222,0.577
239,39.33,87,1.6915
1010,36.34,355,0.3756
1824,25.35,666,0.2051
741,34.36,279,0.5095
809,38.25,269,0.4711
1842,31.27,687,0.2018
217,25.42,71,1.9329
1933,27.33,688,0.1939
1915,23.41,681,0.1932
477,27.44,178,0.8147
1317,21.4,475,0.2861
985,29.36,343,0.3858
726,36.38,241,0.5232
1534,22.42,569,0.2458
1070,33.37,370,0.3657
780,32.31,276,0.4825
169,25.46,73,2.4543
1696,30.3,609,0.2201
1049,24.41,349,0.3672
848,26.37,305,0.4382
1832,39.24,619,0.2076
259,21.51,88,1.5153
560,23.47,196,0.6671
535,23.49,190,0.7112
981,24.37,352,0.3818
531,40.33,189,0.7194
1730,25.31,624,0.2169
160,35.39,54,2.6772
477,31.42,176,0.7914
668,36.28,226,0.5619
1649,36.26,621,0.2266
1665,34.29,595,0.2266
687,40.23,247,0.5491
652,27.35,225,0.5855
980,25.4,346,0.3872
676,35.31,220,0.5631
301,38.33,121,1.2857
1687,27.35,642,0.2193
1754,34.26,620,0.2112
208,35.46,67,1.8394
913,39.24,290,0.4082
1014,38.33,353,0.3925
1188,21.44,451,0.3164
1880,30.31,684,0.201
1964,27.32,708,0.1897
1827,25.36,644,0.2042
1052,39.28,375,0.3574
567,23.42,216,0.6654
1851,40.25,660,0.2014
1164,28.33,419,0.3185
582,21.47,222,0.6695
964,34.33,354,0.403
1697,36.23,609,0.2215
1627,37.26,559,0.2296
1543,36.3,533,0.241
728,26.41,251,0.5298
707,23.41,243,0.5468
1152,29.32,388,0.3361
303,30.38,93,1.3407
1543,24.4,554,0.243
1408,21.41,502,0.2619
1750,24.36,633,0.2161
1119,30.36,403,0.332
1374,23.39,535,0.271
282,36.4,107,1.3236
472,40.39,177,0.7992
1643,29.33,608,0.2279
1132,33.38,406,0.3341
1244,33.31,466,0.3047
1387,33.33,514,0.2736
1446,21.45,511,0.2618
1119,28.37,418,0.3428
1830,35.24,673,0.2058
301,28.32,99,1.3109
353,21.43,128,1.075
1976,23.35,693,0.1924
1239,38.3,440,0.3066
1790,39.25,653,0.2086
1220,24.37,450,0.3056
285,38.37,110,1.4133
319,25.4,133,1.2385
676,34.29,250,0.5546
1798,29.28,676,0.2084
1428,38.29,524,0.2673
1679,21.44,591,0.2202
1333,24.37,492,0.284
1733,38.27,637,0.2111
1613,26.35,572,0.2334
1152,25.41,390,0.3313
1254,36.31,446,0.3043
1857,39.31,668,0.2007
1516,36.25,560,0.2507
692,27.35,254,0.5487
1811,32.32,641,0.2057
1622,25.36,545,0.23
713,33.37,257,0.5451
1164,27.4,388,0.3222
475,23.45,155,0.8305
277,23.59,85,1.4407
1229,31.32,429,0.3027
461,30.34,163,0.8401
1867,33.29,668,0.1983
1131,22.37,377,0.333
1896,32.29,687,0.1954
479,22.38,163,0.828
1161,31.32,421,0.3305
1378,28.4,511,0.2718
1140,37.23,410,0.332
841,39.28,330,0.4561
349,24.48,130,1.0779
1318,23.41,508,0.2807
341,27.44,131,1.152
1646,37.25,586,0.2294
818,31.38,285,0.4749
558,39.39,196,0.7026
1879,34.27,694,0.1993
1489,33.31,499,0.2498
1098,39.28,405,0.3426
722,29.37,263,0.5246
246,35.33,92,1.6224
1794,40.27,628,0.2102
773,25.45,270,0.4889
1493,21.38,543,0.251
1586,21.43,549,0.2358
1885,30.26,695,0.1985
827,25.41,296,0.4728
470,22.37,163,0.8109
1785,37.29,645,0.2087
1466,39.3,559,0.2549
497,33.42,181,0.7766
194,37.31,70,2.1636
319,31.36,107,1.2999
1376,35.34,478,0.278
1105,28.34,408,0.3415
1630,28.32,602,0.2312
907,21.43,336,0.4189
775,36.33,279,0.5014
352,25.43,122,1.1087
972,35.33,375,0.3907
786,38.3,276,0.4832
425,28.4,160,0.8962
699,39.33,262,0.5599
1102,35.31,401,0.3492
1308,27.34,456,0.2859
493,25.42,173,0.783
799,36.33,292,0.4875
731,31.39,258,0.509
1935,21.44,700,0.1925
1001,28.29,367,0.3696
1283,39.29,490,0.2891
622,34.38,205,0.6277
1094,22.4,383,0.3461
1469,36.3,531,0.2521
1845,33.27,663,0.2055
1400,39.29,509,0.2738
1575,29.33,559,0.2377
763,35.33,278,0.4984
1579,37.28,546,0.2383
1107,28.37,429,0.3433
1932,34.27,678,0.1912
1117,36.36,417,0.3302
716,33.32,244,0.5288
1716,23.38,605,0.2185
1223,40.28,447,0.3098
1136,24.35,450,0.3302
1982,22.37,758,0.1891
351,38.3,114,1.1048
246,31.4,84,1.7269
1510,21.44,583,0.2432
1616,37.25,533,0.2301
1761,39.22,604,0.2103
1389,37.29,497,0.2701
703,35.32,227,0.5482
959,27.36,324,0.3926
1553,40.31,556,0.2408
1400,29.28,521,0.2699
1401,31.32,496,0.2644
1608,40.26,580,0.2343
235,25.39,77,1.6783
1955,22.4,687,0.192
1961,22.4,716,0.1907
1864,36.27,636,0.2009
767,32.42,264,0.5104
546,22.42,202,0.7081
861,35.31,311,0.4455
1355,32.31,485,0.2805
1556,29.32,539,0.2466
1419,38.26,536,0.2634
1284,23.41,460,0.2911
1327,32.29,469,0.282
804,31.32,278,0.4802
1788,23.4,682,0.2114
1004,36.35,349,0.3823
1818,34.26,676,0.2028
807,40.28,279,0.4632
1709,40.28,585,0.2196
1881,26.35,678,0.1952
1096,31.36,394,0.3459
516,21.46,186,0.7367
732,28.38,280,0.511
1148,30.34,419,0.3325
1164,38.31,439,0.3274
924,24.45,353,0.4071
279,29.29,93,1.4409
1176,33.32,400,0.3215
1503,36.34,550,0.2511
709,26.37,249,0.5474
846,24.42,308,0.4507
1073,40.3,387,0.3552
1610,23.39,593,0.2306
1797,30.26,645,0.211
974,23.41,371,0.3821
175,28.37,52,2.5435
317,29.4,125,1.269
654,34.37,217,0.6029
1808,39.3,632,0.2102
579,37.36,203,0.6749
1540,39.25,525,0.2486
1200,22.39,423,0.3211
1029,33.36,387,0.3735
208,28.43,69,1.9967
1962,32.26,723,0.1886
1718,35.28,603,0.218
165,37.31,59,2.4634
656,30.36,239,0.5953
1197,29.29,424,0.3084
530,27.4,194,0.7337
899,35.35,311,0.4226
1566,23.4,556,0.243
1149,28.38,411,0.3252
1766,33.26,656,0.2129
1522,22.39,561,0.2477
716,37.34,264,0.5296
1117,22.44,386,0.3346
1807,31.27,641,0.2089
223,31.4,82,1.7222
1950,27.32,695,0.1898
1150,21.45,401,0.3269
367,38.32,121,1.129
194,28.46,64,2.1016
775,34.35,321,0.4829
799,33.33,296,0.4673
880,22.45,324,0.4358
1377,27.38,467,0.2725
1783,23.43,637,0.2076
1641,23.35,626,0.2255
1656,36.24,572,0.2267
1355,31.36,436,0.2783
715,23.39,238,0.5498
1478,33.32,538,0.2583
1408,31.3,528,0.265
926,27.39,342,0.4126
670,25.39,239,0.566
1132,31.31,404,0.3342
1842,35.26,653,0.2068
823,21.44,291,0.4486
1813,23.4,639,0.2038
1224,29.35,452,0.3104
1759,34.27,623,0.2126
865,23.46,322,0.4419
1709,22.35,612,0.2161
1699,23.38,630,0.2207
917,33.34,340,0.4152
491,38.27,176,0.7992
203,36.49,71,1.8714
1708,33.26,620,0.2122
472,29.44,184,0.835
661,38.4,248,0.5902
1690,39.29,596,0.2209
948,22.45,354,0.401
1230,32.29,449,0.3095
1753,31.29,630,0.2125
827,36.34,289,0.4506
988,31.33,340,0.3836
1746,31.3,611,0.2168
1479,29.35,506,0.2582
1441,35.31,521,0.2597
778,29.34,300,0.4951
453,32.26,162,0.8286
374,29.29,134,1.0829
617,33.34,241,0.6018
231,27.59,71,1.8293
796,40.24,289,0.4832
274,36.37,89,1.4577
1418,37.35,510,0.2693
305,38.27,113,1.2606
1572,21.44,574,0.2386
1217,38.3,455,0.3042
309,29.36,95,1.2941
1527,34.26,542,0.2383
1426,22.42,521,0.2648
1156,32.33,444,0.3333
1897,24.39,696,0.1963
1644,27.39,602,0.2265
1643,40.25,552,0.2313
1204,26.41,431,0.3141
1249,27.37,460,0.3053
1270,21.49,441,0.3012
865,22.41,320,0.4434
1802,39.24,648,0.2063
719,29.38,277,0.5398
828,25.38,296,0.4634
1457,39.26,512,0.2613
1143,32.36,406,0.3357
370,38.31,134,1.0787
1650,34.29,625,0.2246
737,38.27,263,0.5182
1850,33.27,693,0.2048
787,36.3,308,0.4798
1389,36.23,503,0.2702
370,33.35,128,1.1019
411,31.35,154,0.9505
861,38.3,286,0.4415
1315,37.28,462,0.2807
938,22.43,320,0.4093
415,38.37,136,0.9666
313,37.4,115,1.2769
601,33.33,219,0.6353
1317,22.41,498,0.2856
1671,36.3,605,0.2224
205,31.31,71,2.0866
1981,36.23,704,0.1877
695,25.43,252,0.5535
545,32.34,205,0.7197
502,25.48,187,0.752
396,35.27,134,0.9631
1139,28.35,416,0.3221
431,40.32,159,0.8786
285,34.45,111,1.3867
1310,27.36,475,0.2893
1377,27.34,486,0.2798
1305,40.29,444,0.2844
325,37.39,115,1.2335
1531,28.35,564,0.2464
616,27.42,222,0.6289
1650,23.38,564,0.2261
1290,21.41,476,0.2889
1842,32.28,647,0.2049
1960,26.32,721,0.1926
1325,38.24,473,0.2838
298,21.45,113,1.3062
1693,38.28,634,0.222
689,30.36,252,0.559
810,39.27,261,0.4847
1387,39.23,487,0.2706
1292,23.41,449,0.2909
367,38.32,133,1.1196
1253,24.42,486,0.3013
738,22.45,258,0.5167
1552,27.35,542,0.2407
229,27.36,86,1.6929
1581,24.39,552,0.2401
292,37.35,85,1.4239
1867,36.24,663,0.2021
728,35.29,261,0.5245
1367,25.35,447,0.2815
403,32.37,155,0.9784
670,40.32,244,0.549
160,32.31,64,2.4782
1660,27.34,592,0.2275
790,32.35,280,0.4835
572,21.48,208,0.6926
1632,22.43,561,0.2261
1832,30.31,643,0.2027
1561,21.44,577,0.2418
708,30.31,279,0.5373
1979,29.28,734,0.1889
462,21.45,171,0.8538
1877,37.28,658,0.2011
198,33.38,69,2.0372
1546,39.27,555,0.2451
1361,22.42,486,0.2764
969,31.32,339,0.3957
1323,35.29,474,0.2787
1275,36.32,459,0.2965
814,24.35,285,0.4775
298,25.42,117,1.315
1629,35.27,599,0.2221
1519,39.25,561,0.2422
1429,27.36,540,0.2618
1894,27.33,661,0.2007
1559,30.28,600,0.2443
633,22.43,225,0.6173
1178,21.43,439,0.3128
1806,38.28,640,0.2125
887,40.28,318,0.4189
1623,21.43,590,0.2333
1923,24.39,702,0.1935
1934,37.29,705,0.1919
1383,22.45,507,0.2709
272,36.3,101,1.465
787,38.35,266,0.472
1887,26.3,722,0.1993
924,35.24,320,0.4106
1669,35.25,583,0.2262
1434,31.3,463,0.2624
1278,33.35,441,0.2951
1251,37.35,449,0.2972
1473,22.4,527,0.2573
314,37.34,105,1.3114
1025,22.43,366,0.3686
1017,22.51,350,0.3776
1590,39.28,586,0.2383
662,21.5,232,0.5837
1013,24.4,363,0.3689
1341,37.28,497,0.2805
537,23.47,201,0.7031
1295,28.35,426,0.299
1003,30.37,369,0.3766
1266,33.31,430,0.2968
817,39.34,307,0.4712
1984,33.31,703,0.189
1573,26.33,592,0.2385
1294,22.43,473,0.2926
837,32.36,316,0.4614
1531,34.28,547,0.248
1764,29.34,622,0.2122
1926,36.29,707,0.1903
772,29.35,266,0.5005
1830,34.29,665,0.2053
1532,32.32,517,0.2459
1666,37.27,608,0.2324
1659,35.32,603,0.2255
748,23.43,282,0.504
1754,34.32,600,0.2142
1009,32.31,368,0.3655
1141,35.35,403,0.3368
336,35.39,117,1.1788
287,39.35,109,1.4677
1134,27.31,405,0.3343
1083,34.34,384,0.3495
1949,26.36,715,0.1924
489,35.34,191,0.7691
347,30.45,127,1.1533
1241,23.41,469,0.3066
600,38.32,211,0.6397
1427,23.39,520,0.2656
1301,26.35,466,0.2904
535,23.42,201,0.7274
1949,22.41,711,0.1921
1174,39.27,398,0.3209
286,28.39,84,1.5423
1728,28.29,621,0.2145
1076,34.38,385,0.341
1097,31.38,391,0.3494
1004,34.31,364,0.379
1503,35.31,527,0.2504
457,40.37,153,0.8363
1803,36.24,625,0.2091
828,22.42,279,0.4723
1114,22.37,410,0.3275
1360,32.3,500,0.2731
515,32.42,172,0.7429
230,21.47,84,1.8263
1680,23.39,596,0.2258
1532,32.31,570,0.2465
1029,26.33,370,0.3662
1282,28.35,468,0.2935
1345,29.34,511,0.2786
1604,27.33,584,0.2296
169,27.55,61,2.5296
1007,38.3,355,0.3801
362,24.41,130,1.0991
1439,24.41,501,0.258
1239,39.32,477,0.3012
1836,28.39,625,0.2042
1004,24.44,369,0.3752
1806,28.33,639,0.212
1689,38.29,599,0.221
1692,31.29,576,0.2246
516,38.36,190,0.7362
155,34.47,64,2.5917
832,39.32,293,0.4569
664,31.35,252,0.5682
1937,26.34,687,0.1915
1290,30.33,456,0.2852
1116,25.34,383,0.339
739,28.41,265,0.5205
1612,38.3,582,0.2307
1182,21.44,427,0.3218
1575,24.38,566,0.2369
180,23.41,72,2.1882
183,32.37,72,2.2666
1928,25.36,688,0.1973
1245,34.3,446,0.3036
611,27.42,207,0.6549
1879,26.33,692,0.1959
1022,30.34,392,0.3649
286,28.42,95,1.4048
1648,32.33,569,0.2273
1833,36.27,653,0.207
1489,37.27,533,0.2567
397,24.5,165,0.9616
1526,21.4,551,0.2439
1372,28.33,465,0.2716
366,23.48,127,1.0635
1787,27.33,639,0.2098
374,35.38,146,1.0104
1724,28.35,627,0.2179
348,38.34,121,1.1116
343,23.44,127,1.1285
865,33.38,303,0.4436
1451,40.26,549,0.2596
1476,29.32,538,0.2576
428,38.3,157,0.9215
1277,24.35,473,0.2947
1671,36.25,608,0.2196
1321,37.28,463,0.286
1056,23.37,384,0.3515
1612,36.25,607,0.2339
1896,21.41,660,0.1996
257,28.4,91,1.5215
454,40.3,173,0.8333
1561,38.25,556,0.2412
762,32.32,280,0.5009
876,25.39,327,0.4249
539,38.41,190,0.7207
596,29.35,216,0.6522
676,28.35,231,0.5583
1587,37.34,579,0.2347
1004,31.36,364,0.3785
1044,30.32,373,0.3638
1557,32.29,576,0.2395
1791,32.3,671,0.2086
1744,34.27,618,0.2187
632,29.35,207,0.5812
1068,21.45,380,0.3564
1472,37.25,529,0.253
1040,30.34,412,0.3589
1866,29.33,683,0.2019
197,40.4,73,2.0868
820,26.37,298,0.4559
1365,23.42,487,0.2688
1864,39.24,647,0.1988
1125,25.43,382,0.3377
1505,27.34,535,0.2472
1865,28.35,663,0.2003
708,30.34,250,0.5413
1797,30.27,633,0.2084
530,28.41,173,0.7522
162,40.27,61,2.5949
1464,34.24,526,0.2544
1500,30.31,509,0.2463
606,24.32,188,0.6561
1268,29.33,439,0.2996
985,30.29,313,0.3941
278,21.46,98,1.4532
822,33.29,325,0.4713
1533,33.29,532,0.2465
367,38.37,133,1.0693
810,34.35,276,0.472
1012,24.43,364,0.3735
1000,33.35,372,0.3775
1877,24.35,659,0.2002
1629,36.28,591,0.2242
1477,33.23,512,0.2566
520,37.28,196,0.7402
574,22.46,213,0.6839
1555,38.22,548,0.2422
1075,25.39,393,0.3449
177,39.37,70,2.2722
278,25.39,111,1.4413
1751,36.31,605,0.213
260,23.36,83,1.576
204,25.4,86,1.8682
706,34.42,248,0.5595
1145,28.35,450,0.3264
1343,26.34,466,0.2827
1875,31.32,687,0.1938
1611,31.33,582,0.2341
946,29.32,329,0.4094
1612,31.25,584,0.232
414,32.38,139,0.9364
1948,36.32,698,0.1936
234,26.38,82,1.6722
1874,30.3,707,0.1958
1740,39.27,611,0.2169
1163,26.4,425,0.3163
653,39.33,226,0.5829
1139,38.29,429,0.3276
1442,29.35,498,0.2575
828,21.5,323,0.4675
522,36.35,186,0.7244
1234,24.42,429,0.3083
529,39.26,197,0.7396
1563,39.25,557,0.2394
659,31.36,232,0.5961
416,28.35,149,0.9543
1287,21.45,497,0.296
437,36.32,169,0.8617
1420,30.29,508,0.2652
1077,22.41,342,0.3402
987,22.41,362,0.3889
425,35.3,143,0.9316
1352,26.33,465,0.2757
1212,32.32,450,0.3106
1433,27.36,525,0.2535
1046,35.34,369,0.3529
1328,26.38,446,0.284
829,29.37,319,0.4505
1146,35.33,402,0.333
1705,30.34,623,0.2186
740,27.36,271,0.5115
304,21.42,120,1.2962
562,21.44,198,0.6958
1039,25.4,390,0.3687
1531,29.32,518,0.2489
1684,32.25,622,0.2221
1774,33.29,638,0.2159
179,31.32,57,2.4245
1794,29.32,630,0.2084
1141,32.29,440,0.3319
1024,26.34,362,0.3692
1513,30.32,521,0.2481
1232,26.38,421,0.3086
335,22.51,120,1.2008
683,39.38,246,0.56
1558,25.38,569,0.2387
1410,25.41,495,0.2688
1202,36.24,424,0.3126
195,39.27,72,2.0278
1062,38.3,350,0.3579
1835,29.33,642,0.2108
1050,26.42,379,0.3521
1026,28.31,367,0.3701
1443,28.41,481,0.2643
1949,37.23,706,0.1912
1071,23.42,396,0.3532
456,28.39,171,0.8575
1774,40.25,660,0.2097
1803,38.24,649,0.2088
1918,31.28,707,0.1937
752,22.48,278,0.5129
298,32.37,99,1.393
163,22.48,62,2.6018
1150,30.33,422,0.3207
277,25.38,98,1.4785
1720,28.35,633,0.2167
1537,21.42,562,0.2459
1402,28.31,504,0.2624
1202,30.35,435,0.3196
1187,36.34,406,0.3216
158,22.59,59,2.4687
1808,27.32,603,0.2052
1620,30.29,627,0.231
828,21.47,282,0.4658
1240,39.33,457,0.3021
294,23.47,108,1.329
441,23.46,164,0.899
1664,26.38,610,0.2285
1449,33.33,509,0.2666
1440,28.34,519,0.2546
973,37.29,348,0.3862
364,31.35,134,1.0362
512,21.58,166,0.7489
1136,21.46,413,0.3327
963,31.33,361,0.3844
1702,35.28,620,0.2215
422,34.34,166,0.9175
942,37.34,342,0.4017
1277,39.28,464,0.2924
1722,25.36,596,0.217
255,35.34,94,1.5133
1102,29.36,397,0.341
1141,30.4,376,0.3318
1968,31.27,714,0.1893
1022,34.26,361,0.3577
1041,36.27,379,0.3582
975,29.32,347,0.3903
1924,34.24,715,0.1901
904,33.35,314,0.4266
1136,29.32,403,0.3366
1691,26.36,600,0.2212
1378,22.44,483,0.2734
445,35.4,161,0.9008
655,33.34,231,0.5925
1971,27.29,696,0.1932
1476,31.34,534,0.2501
1877,36.26,670,0.1972
785,28.36,286,0.4765
1393,22.44,530,0.2687
1921,28.3,681,0.1958
360,34.37,127,1.0792
1869,26.32,661,0.201
632,34.35,248,0.6069
1566,29.33,564,0.2426
1464,31.35,543,0.2427
1402,25.43,520,0.2621
312,31.47,112,1.2443
1682,22.43,603,0.221
1017,39.27,353,0.3803
666,38.31,239,0.5895
546,37.28,199,0.7102
521,23.4,186,0.7583
1562,23.4,577,0.2368
1990,36.28,709,0.1866
817,26.33,300,0.4696
1275,22.4,422,0.2966
1947,21.43,726,0.187
1449,21.46,515,0.2604
1933,26.33,714,0.1954
803,32.39,276,0.4778
1883,26.38,649,0.2011
245,36.29,86,1.6404
752,31.3,279,0.5066
900,23.4,325,0.4283
376,31.44,120,1.1038
1519,30.36,537,0.2512
526,28.38,192,0.7637
1332,32.33,505,0.2823
923,28.36,321,0.4097
1073,27.41,378,0.3505
782,33.41,268,0.5033
1041,30.29,375,0.3694
1475,40.29,540,0.2552
475,35.34,169,0.8246
154,25.47,55,2.7513
192,28.38,74,2.0619
284,37.32,112,1.4268
569,21.54,189,0.6647
541,23.47,182,0.7399
273,23.42,108,1.4096
1060,31.32,359,0.3566
1513,38.31,550,0.2529
511,32.34,181,0.7816
1857,35.29,645,0.2019
166,37.34,69,2.1463
761,23.36,277,0.5099
1856,40.23,644,0.2017
386,29.38,153,0.9875
1140,33.28,421,0.3352
1322,37.29,481,0.2808
570,31.42,199,0.6838
531,30.37,203,0.721
1934,24.38,723,0.1884
1573,38.27,568,0.2382
1964,35.29,708,0.1902
232,37.42,83,1.7952
1370,39.31,441,0.2781
830,38.27,277,0.465
1067,36.25,377,0.3413
1378,36.31,504,0.2721
1656,24.35,596,0.2266
500,40.3,182,0.7742
1452,22.38,517,0.2575
1795,37.28,667,0.2081
753,33.32,281,0.4747
1333,27.34,496,0.2766
1918,32.32,704,0.1929
1398,26.33,522,0.2693
1551,26.32,545,0.2395
1784,28.36,648,0.2107
424,22.42,138,0.972
1168,32.34,408,0.3298
310,31.44,112,1.2669
824,31.34,305,0.4668
1943,34.27,703,0.1931
1166,24.42,410,0.3308
819,31.32,309,0.4671
321,30.35,108,1.262
494,37.38,188,0.8016
167,40.12,73,2.1855
338,23.48,108,1.1469
269,29.33,105,1.5055
859,22.42,315,0.4507
1324,36.31,466,0.288
396,40.33,135,1.0006
366,31.4,126,1.0302
1585,30.31,573,0.2379
917,22.35,316,0.4263
351,40.25,126,1.0532
1237,30.33,430,0.2965
1975,40.23,706,0.1907
1341,27.36,494,0.2807
529,28.42,202,0.7546
649,24.43,237,0.5998
1188,28.35,401,0.3216
1913,30.33,707,0.1952
1967,38.26,716,0.1881
221,28.38,80,1.7549
1088,34.25,386,0.3409
270,38.24,95,1.4495
160,30.37,59,2.7164
1359,25.39,503,0.2757
980,30.35,360,0.3803
1552,28.32,554,0.2444
1439,33.29,538,0.2599
833,39.27,318,0.4465
650,23.47,236,0.5663
455,38.41,161,0.831
1308,34.33,460,0.2892
563,33.34,174,0.6813
990,40.31,336,0.3738
482,29.4,180,0.7826
479,24.46,147,0.8275
154,34.28,66,2.3904
563,24.49,195,0.6683
370,23.48,137,1.0576
748,33.37,289,0.5113
672,29.32,251,0.5752
1619,27.31,594,0.2319
897,31.33,350,0.4354
806,30.32,301,0.4635
1398,30.3,516,0.265
1111,31.36,406,0.3379
1520,38.28,557,0.2482
583,38.31,217,0.6809
1658,35.3,596,0.222
1693,26.37,614,0.2185
1870,21.41,684,0.1953
389,39.36,128,1.0531
1007,40.31,374,0.3695
378,28.35,140,1.0584
704,36.34,285,0.5247
1938,28.32,721,0.1922
493,33.39,164,0.7958
225,35.4,81,1.8289
1404,26.36,503,0.2674
1929,31.33,702,0.1916
1240,40.3,461,0.2987
1465,33.28,551,0.2586
1253,31.29,431,0.2988
224,25.31,83,1.8895
1660,27.37,581,0.2245
592,30.4,203,0.653
1489,29.34,589,0.2499
1953,28.3,682,0.1921
1328,30.33,486,0.2821
1906,40.26,668,0.1985
1197,28.36,442,0.3029
166,31.42,62,2.4838
273,22.38,84,1.4002
1197,31.32,417,0.3239
1702,38.27,640,0.2179
409,38.36,145,0.9813
1567,35.27,564,0.2394
220,26.48,80,1.8907
512,28.35,184,0.7359
1517,22.47,544,0.2471
1560,32.29,547,0.2439
510,35.35,174,0.7544
1079,28.34,394,0.35
1974,28.34,721,0.1864
569,33.29,204,0.6744
1944,34.25,694,0.1945
549,21.55,204,0.6607
953,35.3,325,0.4015
523,26.41,185,0.7435
1798,31.31,651,0.2105
287,22.42,108,1.3261
1368,37.3,499,0.2717
1938,28.31,726,0.19
1850,33.31,655,0.202
1160,22.41,421,0.3312
1220,28.32,443,0.305
1322,22.34,489,0.2813
1903,22.4,673,0.1957
1855,27.33,686,0.201
558,30.41,216,0.69
1740,30.31,597,0.2152
657,30.44,209,0.606
841,21.48,293,0.4566
771,36.36,256,0.497
440,29.37,152,0.9064
1340,23.45,463,0.2866
509,29.38,184,0.7594
1651,34.31,584,0.2259
940,37.31,329,0.4005
1078,40.26,393,0.3543
1730,37.27,653,0.2188
1454,28.35,528,0.2584
941,40.36,358,0.4017
1302,25.33,457,0.2879
1991,29.35,704,0.1889
1401,35.32,478,0.2695
1303,24.46,448,0.2867
1598,32.35,557,0.2329
1209,26.38,405,0.3199
264,32.49,99,1.5605
480,30.32,178,0.7874
1705,36.27,630,0.2199
1191,28.36,415,0.3187
171,38.36,55,2.5839
1952,24.33,680,0.1918
473,29.37,180,0.8199
1972,22.37,711,0.1932
1247,27.33,467,0.3059
858,31.36,333,0.4494
1553,23.38,571,0.2404
508,33.36,188,0.7314
1416,23.42,483,0.2673
1147,31.32,430,0.3289
1563,37.27,608,0.2396
1566,22.41,560,0.2431
682,34.37,244,0.567
713,33.34,263,0.5411
1916,25.3,713,0.193
1258,39.26,439,0.3022
995,35.36,340,0.3766
1240,27.32,425,0.3042
1957,31.25,719,0.1949
252,40.31,96,1.6595
263,33.47,95,1.5405
1265,24.39,419,0.2911
747,35.33,277,0.5275
810,34.32,305,0.4728
1912,36.24,666,0.1958
1254,39.31,477,0.3031
1284,27.31,458,0.2933
1122,37.25,385,0.3336
1192,39.26,442,0.3112
1910,25.35,666,0.1938
481,21.43,164,0.7809
1496,22.39,528,0.2498
866,27.39,328,0.4313
416,22.46,157,0.9492
856,21.44,303,0.4477
953,21.46,347,0.4079
1427,36.28,516,0.2647
1991,40.23,719,0.1886
1904,30.29,728,0.1941
1519,29.29,555,0.248
1081,21.42,365,0.3438
190,30.42,57,2.1312
1275,26.4,441,0.3023
675,23.42,256,0.5698
691,31.34,238,0.5563
230,33.41,85,1.7612
1169,31.29,419,0.3238
552,25.44,197,0.7053
908,38.3,301,0.4158
1400,32.3,520,0.2622
1407,25.37,507,0.2597
1162,27.34,434,0.3184
982,21.47,355,0.3884
1738,37.26,636,0.2175
1496,23.35,546,0.2513
1743,34.28,597,0.2171
1849,23.34,711,0.2014
1427,24.37,527,0.2647
1540,39.29,582,0.2432
698,22.51,237,0.559
1733,24.37,621,0.2156
840,27.36,313,0.4442
798,22.35,303,0.4667
371,38.36,146,1.0258
1701,29.33,649,0.219
1002,29.29,345,0.374
1853,21.48,661,0.201
1441,25.36,527,0.2602
1610,24.38,604,0.2348
1149,22.42,443,0.3253
304,35.36,100,1.3121
984,40.32,329,0.3845
362,23.46,146,1.0483
1975,34.3,747,0.1883
324,28.43,119,1.1694
1044,27.39,366,0.355
1989,39.25,721,0.1858
1639,28.32,608,0.2287
1038,35.3,371,0.3609
1085,35.31,415,0.3436
1984,39.28,723,0.1872
699,39.31,255,0.5285
978,39.28,366,0.3854
747,32.3,270,0.5149
950,35.34,339,0.3963
1600,33.3,585,0.231
1271,40.3,448,0.2988
1722,27.35,619,0.2202
969,24.42,368,0.3914
1362,31.29,490,0.2774
1319,40.26,477,0.2895
380,23.44,137,1.0355
172,21.48,50,2.5608
642,30.35,224,0.5993
1711,23.38,606,0.218
351,26.4,152,1.0882
1974,34.27,728,0.1935
592,24.5,202,0.6534
1948,37.25,707,0.1913
278,27.37,94,1.4893
657,29.36,258,0.5756
1269,34.3,470,0.2916
278,39.4,103,1.3602
486,24.41,184,0.7855
442,27.39,172,0.8777
684,25.41,237,0.5673
451,28.45,155,0.87
223,37.32,90,1.8482
640,38.33,221,0.6115
858,35.32,288,0.4448
616,31.41,217,0.6002
547,28.43,210,0.6896
1266,26.39,440,0.2982
1729,33.3,641,0.2153
1312,39.36,475,0.2869
1775,38.25,617,0.2154
1106,23.41,411,0.3414
954,37.31,353,0.3923
1748,25.35,676,0.2121
399,35.37,134,1.0059
1497,39.29,539,0.2531
1640,34.3,623,0.2274
1686,28.35,605,0.2248
1195,39.32,456,0.3141
878,28.37,329,0.4195
1886,21.41,718,0.1937
1929,26.3,684,0.1917
910,34.38,321,0.4203
1290,40.29,508,0.2882
1916,40.25,715,0.1935
1942,28.3,688,0.1924
1485,21.43,506,0.2563
938,30.32,340,0.4073
1338,24.4,500,0.2759
1725,26.33,617,0.2177
545,27.4,209,0.7069
1176,24.38,429,0.3262
1520,28.32,534,0.2482
784,32.34,288,0.4815
1338,22.41,484,0.2831
1016,36.26,389,0.3614
1209,29.35,423,0.3124
1874,35.3,678,0.1953
1142,31.31,401,0.3302
1215,23.38,449,0.3106
832,37.28,323,0.4537
1466,32.31,563,0.258
1082,31.34,405,0.3506
1173,33.37,415,0.3228
1976,27.33,726,0.1844
1071,21.42,386,0.3389
1130,26.39,392,0.3367
1917,33.27,657,0.1918
1560,34.29,537,0.2397
1953,39.23,717,0.1899
1205,23.38,458,0.3202
1702,38.28,602,0.2212
1661,30.3,598,0.2256
1336,35.3,474,0.2841
689,28.35,242,0.5601
1484,21.43,528,0.2525
1081,29.35,380,0.3457
1728,24.35,601,0.213
333,30.4,125,1.2065
540,21.47,184,0.7285
177,25.37,70,2.5085
1134,27.32,400,0.3299
1172,21.51,432,0.3216
604,24.43,220,0.6204
528,37.32,186,0.7253
974,32.29,362,0.3917
1312,27.35,460,0.2874
377,21.46,134,0.985
564,38.35,199,0.7116
962,23.39,355,0.3942
1917,29.28,677,0.1956
997,40.28,364,0.3697
799,36.37,272,0.4828
1855,38.23,674,0.2035
428,30.38,157,0.9507
1319,24.36,477,0.2839
1237,40.25,440,0.3083
1231,37.27,421,0.3023
1138,25.37,416,0.3327
1184,26.36,413,0.3259
489,31.4,176,0.7763
777,27.35,291,0.479
1699,40.3,632,0.2152
946,25.41,331,0.4055
1184,33.29,425,0.3224
1585,31.33,561,0.2383
1037,35.33,361,0.3594
1779,30.32,622,0.2103
709,22.42,236,0.5333
256,23.47,89,1.5252
1174,28.33,411,0.3255
490,40.37,173,0.8059
681,35.28,255,0.5765
166,38.29,57,2.4035
1969,28.32,734,0.1911
1768,32.28,651,0.2138
1072,35.27,405,0.3509
833,37.35,320,0.4572
1458,23.44,567,0.2546
1329,34.28,477,0.2836
1609,37.27,564,0.2322
1562,36.29,592,0.243
389,30.44,140,1.0189
1721,28.38,591,0.2139
1469,30.33,524,0.2565
744,34.34,276,0.5191
1723,39.25,652,0.2153
1028,23.44,375,0.3711
1624,21.47,586,0.2306
872,33.28,308,0.454
1820,38.29,616,0.2068
882,26.4,333,0.4263
248,25.43,99,1.5355
419,35.4,136,0.9182
1386,33.32,494,0.268
476,31.35,168,0.8027
385,34.34,135,0.9768
1097,21.39,393,0.3414
808,28.4,290,0.475
1161,30.37,393,0.3289
1567,40.26,538,0.2388
629,31.37,232,0.6083
1751,31.29,620,0.2169
1311,23.41,445,0.2878
237,32.3,78,1.7723
262,22.51,85,1.556
1793,31.29,651,0.2092
1975,36.27,728,0.1871
1539,22.41,550,0.2425
1780,24.35,633,0.2104
1893,26.34,653,0.1932
176,35.34,67,2.3644
1873,29.3,693,0.1981
358,32.48,144,1.0857
1011,30.32,368,0.3736
1070,30.31,394,0.3536
1821,39.24,670,0.2063
308,29.35,113,1.2996
528,22.45,183,0.7482
949,33.3,366,0.3992
1935,37.23,744,0.1886
1344,22.39,484,0.2796
1389,23.37,526,0.2673
1720,35.34,620,0.2201
536,40.29,199,0.7252
1222,33.31,445,0.3076
1293,21.43,447,0.2924
1210,36.3,424,0.3077
1048,40.28,394,0.3641
789,39.32,286,0.4889
351,28.39,127,1.1219
277,30.43,100,1.4222
479,31.35,181,0.8358
328,32.37,118,1.2144
689,24.43,254,0.5763
1468,30.37,525,0.2532
1059,23.39,405,0.3555
1412,29.33,512,0.2623
1293,24.39,491,0.2942
629,21.41,237,0.601
1921,34.26,709,0.1924
1975,21.41,693,0.1908
1017,24.41,392,0.3682
1753,36.24,625,0.2143
1746,37.3,625,0.2144
1024,25.38,407,0.364
603,36.37,218,0.6477
1209,40.25,435,0.3093
1822,23.4,659,0.2059
263,36.33,104,1.5548
799,36.3,294,0.4846
1420,31.33,527,0.26
341,21.52,118,1.1524
1054,32.29,381,0.3522
1988,39.26,715,0.1871
1065,21.45,379,0.3558
571,33.29,191,0.6933
1196,33.32,429,0.3182
1248,25.37,477,0.3015
1577,28.36,575,0.236
1404,33.26,496,0.2668
874,30.36,313,0.4207
1850,25.34,668,0.2034
1313,25.34,519,0.2892
247,24.6,90,1.5657
1134,26.33,407,0.3335
1384,37.26,484,0.2716
153,30.29,53,2.8744
893,33.28,323,0.4217
914,31.35,342,0.4086
1235,32.28,434,0.3008
1304,29.36,464,0.2865
1794,38.29,642,0.2093
367,27.44,113,1.0663
936,32.34,329,0.4069
1007,28.37,360,0.3796
678,37.36,240,0.5721
370,29.36,138,1.0496
265,32.34,94,1.5047
1990,34.27,703,0.1865
710,31.4,254,0.5406
826,31.38,305,0.4555
1965,30.28,702,0.1913
676,27.39,276,0.5556
1051,34.4,363,0.3589
602,30.33,228,0.6427
1104,32.31,361,0.3454
781,33.31,279,0.4957
669,25.45,251,0.5664
1052,39.31,388,0.3629
1229,31.3,448,0.3053
1381,33.35,452,0.2751
1493,37.25,523,0.2523
1976,21.43,716,0.1881
1666,31.31,595,0.2219
1397,26.35,497,0.2722
440,25.42,148,0.8667
1944,28.33,689,0.1913
1511,26.38,561,0.2505
1399,25.34,484,0.2726
1906,35.24,681,0.1963
1816,30.26,659,0.2071
1030,21.47,380,0.3663
989,26.38,344,0.3909
499,39.36,182,0.7785
159,24.45,52,2.7622
1314,22.41,442,0.2878
698,37.3,255,0.5535
1650,38.31,602,0.2285
1248,37.28,444,0.3135
1550,25.34,593,0.243
1745,21.43,623,0.2155
243,23.46,89,1.6258
700,35.29,230,0.5632
840,38.27,310,0.4385
785,27.37,292,0.4838
1031,31.31,350,0.3631
582,40.37,215,0.6579
1649,35.27,571,0.227
1536,30.32,558,0.2447
425,24.38,163,0.9115
505,29.37,169,0.784
1399,24.4,517,0.2649
1884,23.36,659,0.1953
900,26.34,330,0.4323
1722,27.36,596,0.2176
1314,24.38,479,0.2849
198,29.36,73,2.0886
808,27.4,268,0.4595
1833,31.29,696,0.2031
1954,40.25,681,0.1886
415,37.42,150,0.9807
1710,38.27,612,0.2186
1977,34.28,694,0.1865
967,23.34,335,0.3986
1813,23.36,641,0.206
1489,25.39,543,0.2486
1333,36.31,479,0.2882
987,40.29,348,0.397
1942,26.3,741,0.1915
1013,38.31,361,0.3708
1155,24.46,414,0.3186
1174,34.3,438,0.3291
1804,39.22,642,0.2088
1035,24.4,378,0.364
1746,31.29,595,0.2118
870,23.43,307,0.4507
972,21.45,345,0.3839
584,38.38,217,0.6411
507,21.43,175,0.7597
1604,32.31,549,0.2352
335,36.36,123,1.2159
750,31.31,252,0.5175
1438,28.33,505,0.2604
1812,34.29,607,0.2032
1640,26.32,606,0.2271
327,31.31,132,1.2013
617,23.45,234,0.6273
1564,31.37,528,0.2435
1188,30.32,462,0.3094
355,25.5,118,1.107
487,22.41,167,0.781
1017,35.33,346,0.3725
1157,39.34,432,0.3153
709,30.38,245,0.5293
499,34.46,170,0.7911
698,38.35,241,0.564
1968,23.36,681,0.1897
870,32.37,315,0.4417
604,25.4,200,0.6381
1678,37.32,602,0.2209
199,33.39,71,2.0405
1937,27.32,709,0.1909
1359,36.29,470,0.2785
214,29.38,90,1.9124
1170,37.28,407,0.3264
694,26.37,272,0.5551
511,29.42,196,0.7676
322,32.36,112,1.239
588,37.32,212,0.6554
1416,29.34,463,0.2666
464,25.43,161,0.8544
1076,24.4,391,0.355
891,26.37,311,0.4263
1544,38.28,535,0.2478
748,36.28,286,0.5107
872,36.33,309,0.4434
1657,36.23,572,0.2244
708,29.4,266,0.5471
1094,25.39,393,0.3442
808,27.31,289,0.4706
264,22.45,88,1.5392
1035,26.33,360,0.3654
1402,36.3,490,0.2643
647,27.32,210,0.5934
887,29.39,287,0.4343
841,36.32,317,0.46
577,38.37,205,0.6893
1974,23.39,743,0.1893
922,38.28,307,0.411
1052,24.42,378,0.3647
1163,39.3,408,0.3255
169,32.28,62,2.4034
187,30.4,63,2.2007
1917,23.39,688,0.1939
625,32.37,222,0.6206
550,40.24,192,0.69
1299,29.35,452,0.2929
1651,31.34,586,0.2299
424,33.34,142,0.9228
1680,25.37,593,0.221
200,37.51,64,2.1355
404,40.34,136,1.0121
1155,27.37,420,0.3245
630,26.37,243,0.6295
1956,21.4,694,0.1897
1866,40.27,674,0.2007
1158,32.35,421,0.3272
745,30.29,275,0.5197
582,23.36,215,0.6785
1665,32.29,610,0.2255
1696,23.35,619,0.2188
1492,39.24,536,0.2542
1891,35.27,715,0.1944
553,35.35,205,0.7085
337,30.39,125,1.1303
1752,37.24,649,0.2132
739,32.27,296,0.5264
944,30.33,367,0.4049
1848,25.35,657,0.197
1197,24.36,444,0.3154
1803,37.24,640,0.207
573,23.37,193,0.69
193,39.37,70,2.1381
1844,31.3,654,0.2037
1575,37.26,569,0.2372
1437,33.3,484,0.268
713,30.43,260,0.5311
464,30.44,161,0.8632
1740,39.23,593,0.2135
1000,23.38,351,0.387
1507,21.45,540,0.2504
779,30.35,284,0.4878
230,39.42,87,1.7185
581,26.37,203,0.6704
239,35.51,90,1.6069
1518,40.25,554,0.2485
1830,37.27,637,0.2049
197,34.47,73,2.1227
977,40.34,356,0.3874
1052,40.26,362,0.3602
901,27.35,348,0.4215
1301,26.34,441,0.2861
334,37.38,126,1.2007
1114,29.34,407,0.3361
1809,31.3,612,0.2095
995,35.29,361,0.3873
321,35.4,114,1.2176
219,28.23,69,1.734
520,34.38,190,0.7616
1886,28.33,647,0.1982
1381,36.31,505,0.2706
1224,22.43,444,0.3076
359,38.28,130,1.1368
946,28.36,331,0.4056
225,34.36,89,1.7042
1902,37.25,686,0.1984
1178,28.32,430,0.3217
1483,38.29,534,0.2546
1845,29.31,648,0.2025
649,24.42,249,0.5973
1069,29.31,376,0.362
1939,27.32,755,0.1882
1004,22.42,381,0.367
687,35.27,259,0.5597
1777,34.23,627,0.2075
1333,35.31,509,0.28
405,38.39,147,1.0033
251,26.41,81,1.5702
652,34.35,197,0.5746
824,28.38,275,0.4702
1296,37.28,495,0.2941
519,24.44,196,0.7292
1372,34.3,476,0.2733
695,28.34,258,0.545
1094,35.29,387,0.3467
948,35.37,328,0.3961
625,22.48,216,0.61
1946,29.32,707,0.1888
1563,37.27,546,0.2381
1691,33.27,570,0.2232
1776,40.24,643,0.2141
738,25.4,233,0.5137
1268,32.32,446,0.2941
1048,31.38,373,0.3497
490,39.37,174,0.8009
742,21.45,284,0.5149
1314,36.33,456,0.29
665,31.32,229,0.5873
892,40.29,332,0.4308
348,24.4,130,1.1241
1917,34.32,686,0.193
1088,23.46,407,0.3469
998,24.45,352,0.3738
1179,31.35,434,0.3198
481,34.4,158,0.7804
1288,23.37,461,0.2886
1359,36.26,508,0.275
1031,35.29,373,0.366
465,40.36,159,0.8063
457,31.45,158,0.8732
991,26.4,348,0.3815
589,25.36,214,0.6467
559,35.35,208,0.6778
267,29.5,93,1.4171
925,22.46,332,0.3905
897,34.32,328,0.4136
1256,40.28,454,0.3012
1184,24.41,416,0.3133
280,32.34,93,1.5048
908,36.36,344,0.4219
859,39.35,300,0.4492
502,27.4,173,0.7692
1270,35.23,458,0.2983
1098,38.32,394,0.3392
404,36.29,120,0.9733
1054,39.28,375,0.3677
1056,31.32,393,0.3574
1399,38.3,513,0.2654
1513,36.3,554,0.2457
1839,38.25,681,0.2019
196,29.53,68,2.1523
446,30.41,160,0.8531
1906,26.32,687,0.1942
614,23.42,204,0.6256
680,21.45,249,0.5523
1599,38.22,595,0.2337
287,21.45,101,1.4063
931,22.44,339,0.4073
1020,26.45,360,0.3694
705,27.39,270,0.5413
1006,37.31,342,0.3706
313,25.45,107,1.2533
370,24.38,155,1.0516
680,25.4,243,0.5761
520,26.42,190,0.7398
1859,39.25,666,0.2005
968,23.43,348,0.381
1669,34.3,612,0.2203
1064,25.34,377,0.3505
1516,23.38,562,0.2504
1291,21.46,484,0.2845
593,24.39,194,0.6774
428,28.44,147,0.9245
446,22.5,178,0.8498
1455,24.37,557,0.2615
1649,38.27,606,0.2288
211,37.35,78,1.8662
803,27.38,296,0.4738
668,39.29,230,0.5628
629,27.48,231,0.6079
1635,26.35,584,0.2292
897,40.31,320,0.4188
902,30.3,322,0.4147
681,29.36,251,0.5602
641,31.36,239,0.5947
210,38.45,83,1.9969
1381,33.3,496,0.2686
179,25.42,66,2.3598
1725,34.29,600,0.2205
1063,30.37,380,0.3556
1952,27.3,695,0.193
1620,25.4,596,0.2304
1929,24.39,701,0.1941
1967,38.21,748,0.1864
296,37.31,112,1.2779
620,36.32,219,0.6356
1132,40.29,412,0.3229
287,31.32,101,1.4143
188,25.53,63,2.2182
300,25.4,93,1.4044
1923,37.23,708,0.1939
1666,22.4,610,0.2192
996,37.32,367,0.3811
1965,22.42,726,0.1918
905,33.35,321,0.414
920,21.43,325,0.4217
206,24.39,74,1.9971
334,40.37,113,1.1585
904,25.34,316,0.4166
1718,36.24,636,0.2164
1230,22.45,458,0.3084
1519,29.36,537,0.2446
1030,21.48,364,0.3684
1322,40.27,467,0.2822
244,31.31,84,1.6163
1277,27.37,457,0.292
377,31.31,131,1.0377
1367,35.33,449,0.2781
1894,27.3,670,0.197
438,26.39,161,0.9097
344,23.45,116,1.1467
1695,26.36,616,0.2202
973,28.42,373,0.3832
1321,32.32,475,0.2854
1773,34.26,611,0.2172
453,38.32,200,0.8489
1025,31.35,379,0.3698
1053,40.33,369,0.3454
741,27.38,261,0.5262
960,35.32,324,0.3945
705,34.33,270,0.5536
1880,38.26,688,0.1997
1408,22.45,511,0.2645
838,34.33,291,0.4531
1100,30.35,419,0.3389
1476,37.26,535,0.2519
1413,38.25,531,0.2622
684,33.35,238,0.5557
347,39.34,145,1.0675
630,22.46,215,0.6154
631,33.31,216,0.6091
1191,36.35,421,0.3171
1742,39.26,638,0.2145
1500,26.33,531,0.2516
718,21.43,269,0.518
835,24.36,305,0.4577
1045,21.43,389,0.3601
965,21.42,354,0.3868
795,24.41,290,0.4712
1757,26.34,634,0.2119
1024,24.39,385,0.3669
1787,22.36,650,0.2049
1334,31.28,460,0.285
575,29.38,206,0.6718
1089,24.38,406,0.3364
382,28.42,139,1.0462
1297,21.44,482,0.2869
1140,25.37,421,0.3281
1435,30.33,528,0.2598
849,24.41,286,0.4361
901,35.36,317,0.4213
1754,26.35,635,0.2175
1101,29.31,414,0.337
1201,31.33,411,0.316
1636,24.39,638,0.2306
523,28.49,184,0.7444
795,23.44,280,0.4886
1577,40.27,549,0.2365
647,37.36,245,0.5944
1636,32.3,616,0.2299
1659,28.37,577,0.222
1378,29.35,472,0.2675
1621,30.25,573,0.2297
1606,22.44,552,0.2329
1083,26.33,377,0.3496
1558,23.38,556,0.243
971,23.42,344,0.3988
1638,26.36,572,0.2304
1820,38.24,688,0.2045
666,35.32,263,0.5787
241,27.32,68,1.6225
662,31.32,248,0.5655
1365,31.29,481,0.2802
818,39.32,298,0.4578
1739,22.43,625,0.2153
1629,24.38,565,0.2247
558,25.37,202,0.6918
395,35.46,141,0.9746
205,31.49,77,2.0257
1795,31.29,661,0.2086
1325,34.31,509,0.2742
624,37.32,212,0.6242
1104,21.44,402,0.3408
1323,24.38,494,0.2832
1125,40.39,391,0.3416
1514,23.4,543,0.2509
1561,35.31,561,0.2448
376,25.42,143,1.0375
314,25.5,126,1.2135
1985,27.3,721,0.1871
1435,27.32,509,0.2576
352,39.28,130,1.1686
363,35.35,131,1.0548
1993,30.34,695,0.1827
1023,23.38,344,0.374
889,36.29,301,0.4237
459,31.33,160,0.8241
353,29.39,135,1.1092
650,37.34,234,0.6156
1544,31.29,529,0.242
471,24.48,169,0.841
768,35.36,276,0.498
621,30.41,219,0.6221
1256,25.34,476,0.2886
866,38.29,306,0.4455
1022,23.42,355,0.3747
1567,22.4,560,0.2403
742,30.4,277,0.5177
1391,21.44,504,0.269
1094,39.34,390,0.3512
276,35.32,113,1.3532
1072,25.33,376,0.349
937,30.39,323,0.4055
1333,23.42,471,0.2808
1745,38.27,623,0.2074
1218,24.4,446,0.3085
1511,25.34,548,0.25
1105,23.41,399,0.3424
1658,30.33,588,0.2218
1409,28.3,523,0.2694
1818,39.26,672,0.2045
990,36.28,357,0.3864
860,28.34,307,0.4298
1202,22.47,444,0.3086
1392,32.33,463,0.271
1657,39.24,598,0.2227
1784,21.42,643,0.2131
1480,32.3,494,0.2517
244,31.32,90,1.5871
1254,21.43,411,0.3031
655,26.36,238,0.5863
402,37.23,155,0.9941
929,38.35,345,0.4079
1369,25.39,482,0.275
994,32.37,377,0.3674
809,28.35,268,0.4656
894,26.39,287,0.434
1391,40.29,525,0.2706
335,38.28,132,1.1558
561,33.32,200,0.6806
1200,34.31,439,0.3068
1859,24.37,714,0.2022
1420,21.45,547,0.2649
1994,23.35,727,0.1849
763,36.33,281,0.5107
724,31.33,262,0.5332
789,30.33,305,0.496
212,21.42,64,1.9932
1163,22.44,410,0.3223
625,25.48,229,0.6275
427,30.44,149,0.9391
819,38.3,300,0.4561
1791,34.27,660,0.2082
424,34.44,148,0.9029
1937,30.27,693,0.1934
1696,21.44,598,0.219
1962,32.28,733,0.19
401,28.45,136,1.0039
311,25.35,109,1.2453
417,27.39,154,0.9155
755,24.41,257,0.4996
409,32.33,142,0.9251
1718,39.29,638,0.2184
1029,40.22,367,0.3784
808,38.28,275,0.4628
675,30.33,243,0.5713
738,32.38,254,0.5075
1181,33.31,416,0.3193
1600,39.31,555,0.2354
1855,34.27,628,0.2024
840,29.34,302,0.4531
1220,38.24,462,0.3105
784,21.46,282,0.4927
1784,38.25,665,0.2123
1229,27.38,435,0.3083
870,37.33,306,0.4442
1238,27.38,443,0.305
899,34.29,309,0.4264
261,36.38,93,1.5004
1964,40.25,710,0.1899
1098,39.23,419,0.3474
1973,27.29,678,0.1862
448,33.35,165,0.8825
1044,23.39,363,0.3663
1175,30.38,449,0.3166
1345,40.28,478,0.2819
963,28.39,346,0.3937
405,31.32,139,0.981
582,29.44,201,0.6555
504,39.25,163,0.789
1288,25.45,458,0.2931
1117,28.37,410,0.3266
552,23.44,193,0.6933
1264,33.31,453,0.2958
1170,39.28,422,0.3343
1448,25.36,518,0.2537
657,29.35,214,0.5964
1582,35.26,565,0.2346
660,38.29,240,0.5865
368,27.43,112,1.1196
1617,25.32,586,0.2296
1499,22.43,532,0.2486
1730,34.3,622,0.2153
438,32.35,169,0.8898
235,31.41,74,1.6943
1162,27.33,425,0.3257
1673,29.31,598,0.2215
391,37.3,132,1.014
1167,27.36,387,0.3256
1213,24.39,412,0.3093
678,35.31,243,0.5623
573,23.44,208,0.6661
1196,27.35,440,0.315
900,36.3,337,0.4182
1927,27.36,678,0.1938
189,30.41,76,2.0054
1053,38.34,352,0.3498
1819,23.4,644,0.2064
1010,40.27,385,0.3787
1813,26.34,637,0.204
1679,38.26,573,0.2207
784,33.44,289,0.4826
1629,21.4,596,0.2281
1168,22.43,412,0.3164
533,39.33,180,0.7325
734,22.49,269,0.5405
1162,37.3,403,0.3242
554,27.38,207,0.6836
1033,24.39,365,0.3755
449,25.41,161,0.8902
1980,21.42,718,0.1921
422,36.33,140,0.8776
1442,26.36,519,0.2641
1795,24.35,639,0.2086
368,38.28,130,1.0482
1408,39.26,507,0.2603
1200,37.29,437,0.3184
771,37.29,251,0.5032
418,40.23,138,0.9423
500,32.33,168,0.7779
465,29.37,154,0.849
1838,32.28,631,0.2054
686,22.52,222,0.5433
1072,29.36,375,0.3563
1098,22.43,372,0.3394
1929,27.28,672,0.1955
1038,21.51,398,0.3661
566,21.42,210,0.6664
1125,27.35,400,0.3374
251,23.42,78,1.6932
418,26.4,156,0.9011
1336,36.3,485,0.2774
1423,40.31,515,0.2623
235,21.52,87,1.7286
224,24.57,89,1.6551
396,23.45,136,0.9779
1002,23.41,333,0.3862
729,28.37,265,0.5295
1772,24.36,648,0.2129
1212,32.31,477,0.3059
1785,38.3,618,0.2131
1962,29.29,705,0.1883
679,35.31,250,0.5725
975,34.31,367,0.3948
1262,31.33,476,0.2949
1203,31.31,463,0.3129
735,28.36,261,0.5126
1416,35.3,502,0.2693
435,30.37,167,0.8931
1493,30.25,560,0.2461
1607,22.38,589,0.2318
1420,36.3,504,0.2683
1316,21.43,492,0.2845
682,25.41,232,0.5586
1063,31.3,367,0.3505
177,23.49,55,2.4075
1189,22.42,408,0.319
770,25.36,265,0.5135
395,35.35,157,0.9835
1515,37.28,550,0.2491
1497,25.37,562,0.2476
1788,39.24,663,0.2062
403,34.42,132,0.9644
325,31.34,101,1.2729
1739,40.22,627,0.2129
1622,30.37,595,0.2369
1657,27.33,600,0.225
1109,23.41,418,0.3419
1028,38.3,351,0.3643
203,30.31,73,2.0704
534,21.51,181,0.7219
190,26.4,62,2.1574
1412,27.36,502,0.2661
1008,35.31,371,0.3676
1061,32.33,381,0.3616
1330,33.3,447,0.2801
1068,32.37,379,0.3517
425,38.32,145,0.8806
1873,31.25,680,0.1996
1776,31.31,646,0.2108
1131,35.31,410,0.3442
1423,35.27,514,0.2675
233,31.48,82,1.7486
1596,30.36,575,0.2294
991,22.43,343,0.3821
490,24.49,159,0.8176
1918,39.25,712,0.1949
1504,34.3,525,0.2464
1415,35.37,520,0.2681
520,36.31,189,0.7272
991,39.26,368,0.3798
390,26.38,130,1.0258
1585,38.26,555,0.2365
1199,21.42,453,0.3114
1575,26.34,571,0.2411
1902,24.37,667,0.1944
1789,26.35,613,0.2059
1597,35.27,555,0.2354
1481,26.4,541,0.2577
1869,27.35,671,0.2003
1018,36.27,366,0.3652
1527,22.39,572,0.2408
1070,25.4,377,0.3613
289,36.3,93,1.3996
1166,31.32,413,0.3211
533,34.36,196,0.7201
1363,26.35,499,0.2749
160,27.27,43,2.5744
1232,30.27,467,0.3033
528,22.54,201,0.7393
1642,27.35,556,0.2226
180,27.37,64,2.4071
1892,31.32,643,0.1948
